Judul,Harga,Penulis,Diskon
Novel The Big Four (Empat Besar),51750,Agatha Christie,25
Novel Nadira,71250,Leila S. Chudori,25
Novel Milea Suara Dari Dilan,80100,Pidi Baiq,10
Novel Critical Eleven,74250,Ika Natassa,25
Novel Dilan 2:Dia Adalah Dilanku Tahun 1991,89100,Pidi Baiq,10
Novel Menuju Titik Nol (Towards Zero),44250,Agatha Christie,25
Novel Membunuh Itu Gampang (Murder Is Easy),59250,Agatha Christie,25
Novel The Moving Finger (Pena Beracun),44250,Agatha Christie,25
Novel Murder On The Orient Express ( Pembunuhan Di Orient Express ),46500,Agatha Christie,25
Novel Buku Catatan Josephine (Crooked House),37500,Agatha Christie,25
Novel The Murder of Roger Ackroyd (Pembunuhan Atas Roger Ackroyd),46500,Agatha Christie,25
Novel Mrs. Mcginty's Dead (Mrs. Mcginty Sudah Mati),51750,Agatha Christie,25
Novel 1Q84 Jilid 3,98000,Haruki Murakami,30
Novel Coratcoret di Toilet,33750,Eka Kurniawan,25
Novel Mengungkit Pembunuhan (Five Little Pigs),51750,Agatha Christie,25
Novel Cantik Itu Luka,100000,Eka Kurniawan,20
Novel The Pale Horse (Misteri Penginapan Tua),51750,Agatha Christie,25
Novel Akar: Supernova,80100,Dewi Lestari,10
Novel Mawar Tak Berduri (Sad Cypress),59250,Agatha Christie,25
Novel A Carribean Mystery (Misteri Karibia),51750,Agatha Christie,25
Novel yang (Tak) Pernah Sederhana,59400,Tia Setiawati,10
Novel The Murder at The Vicarage (Pembunuhan di Wisma Pendeta),47250,Agatha Christie,25
Novel Dengarlah Nyanyian Angin,42000,Haruki Murakami,30
Novel Tsukuru Tazaki Tanpa Warna dan Tahun Ziarahnya,74250,Haruki Murakami,25
Novel Twivortiare,74250,Ika Natassa,25
Novel Parker Pyne Investigates (Parker Pyne Menyelidiki),44250,Agatha Christie,25
Novel The Mystery of the Blue Train (Misteri Kereta Api Biru),59250,Agatha Christie,25
Novel Misteri Burung Hitam (A Pocket Full of Rye),44250,Agatha Christie,25
Novel Pembunuhan di Malam Natal (Hercule Poirot's Christmas),51750,Agatha Christie,25
Novel Mengail Di Air Keruh (Taken At The Flood),46500,Agatha Christie,25
Novel Anak Rantau,85500,A Fuadi,10
Novel Nemesis,59250,Agatha Christie,25
Novel Twivortiare 2,81750,Ika Natassa,25
Novel Masalah di Teluk Pollensa (Problem at Pollensa Bay and Other Stories),39000,Agatha Christie,25
Novel Buku Besar Peminum Kopi : Original Story,98100,Andrea Hirata,10
A Master Novel :  Trophy Book One The Winner Award,79200,Naya A.,10
Novel Dreams Are Made Of A Box Of Crayons,94500,Naela Ali,30
Novel Garis Batas,99750,Agustinus Wibowo,25
Novel Mengapa Luka Tidak Memaafkan Pisau,74250,M. Aan Mansyur,25
Novel Para Peziarah Yang Janggal (Strange Pilgrims),63750,Gramedia Pustaka Utama,25
Novel Di Tanah Lada,66000,Ziggyzesyazeoviennazabrizkie,25
Novel Rembulan Tenggelam Di Wajahmu,94500,Tere Liye,10
Novel Dia Adalah Kakakku,89100,Tere Liye,10
Novel The Guest And Others Stories,71100,Albert Camus,10
Novel Harga Sebuah Percaya,89100,Tere Liye,10
86 - Sebuah Novel,52500,Okky Madasari,25
Hujan Bulan Juni (Novel Grafis),58500,Sapardi Djoko Damono,25
Novel Manusia dan Badainya,79200,Syahid Muhammad,10
Novel Bagaimana Pak ?,98100,Gigrey,10
Novel My Boss's Baby,80100,Anothermissjo,10
Novel Fase,124200,Patrick Kellan,10
Novel Yes! Mr. Husband,80550,Windi Sulistriani,10
Novel Boy Next Door,98100,Kil,10
Novel The School for Good and Evil 1,141750,Soman Chainani,25
Novel Aristotle and Dante Discover The Secrets Of The Universe,116100,Benjamin Alire Saenz,10
Novel The Boy With The Hidden Hurt,53100,Gusti Riant,10
"Novel Lonely Star, Ketika Rasa Kembali Berpendar",66000,Aulia Manaf,0
Novel Watersong,86250,Clarissa Goenawan,25
Novel The Martyr,108750,Cho Jong Nam,25
Novel Para Pengunjung Dini Hari,74250,"Ryu-Jin Jang, Yoo-Ji Ha, Ji-Hyang Jeong, Min-Jung Park, Hyun Kim, Hyun-Jin Kim",25
Novel The Dragon Awakening: Kebangkitan Sang Naga,74250,Valija Zinck,25
Novel The Enchanted Garden: Rahasia Sang Biru,59250,Nelly Möhle,25
Novel Life Hack,93750,JUNE PERRY,25
Novel Eleanor Oliphant Is Completely Fine,108750,GAIL HONEYMAN,25
Light Novel: Stand By Me Doraemon,75000,Fujiko F. Fujio,0
Novel Grafis: Tidak Jatuh Cinta,80750,Rayni M. Massardi & Erby S.,15
Novel Bergambar: Kursi Berhantu dan Pesan Rahasia,44100,Witaru Emi,10
Novel Bergambar: Ada Hantu di Rumah Ini,44100,Iwok Abqary,10
Novel: Tentang Ziarah yang Terkutuk,97200,Sesuji,10
Light Novel Doraemon Nobita`s Mermaid Legend,85000,"Fujiko F. Fujio, Manabu Wakui",0
Novelis Sebagai Panggilan Hidup,66500,Haruki Murakami,30
Introver Novel Penggugat Jiwa,67500,M. F. Hazim,10
Light Novel One Piece: The Legend of Thousand Year Dragon,42600,Eiichiro Oda,25
Light Novel One Piece: Chopper`s Kingdom on The Island of Strange Animals,43350,Eiichiro Oda,25
Light Novel Detektif Conan: A Challenge Letter to Shinichi Kudo ~Showdown! Shinichi Kudo vs Heiji Hattori~,59100,Aoyama Gosho,25
A Pandava Novel #2: Aru Shah and The Song of Death,266400,Roshani Chokshi,10
Light Novel Conan A Challenge Letter to Shinichi Kudo : Love Formula Murder Case,51600,Aoyama Gosho,25
Light Novel Detektif Conan: Zero the Enforcer,45000,Aoyama Gosho,25
Light Novel Detektif Conan: Captured in Her Eyes,45000,Aoyama Gosho,25
Light Novel Detektif Conan: The Crimson Love Letter,52500,Aoyama Gosho,25
Menulis Novel Dengan Bahagia,35550,ERIYANDI BUDIMAN,10
Light Novel Detektif Conan: Toru Amuro Selection - Zero`s Mystery,45000,Aoyama Gosho,25
Light Novel Detektif Conan: Private Eyes' Requiem,45000,Aoyama Gosho,25
Light Novel Detektif Conan: Crossroad in The Ancient Capital,52500,Aoyama Gosho,25
Light Novel One Piece: Defeat The Pirate Ganzack,52500,Eiichiro Oda,25
Light Novel One Piece: Clockwork Island Adventure,56250,Eiichiro Oda,25
Light Novel Detektif Conan: Strategy Above The Depths,52500,Aoyama Gosho,25
Light Novel One Piece: Loguetown Arc,56250,Eiichiro Oda,25
Light Novel Detektif Conan: Countdown to Heaven,52500,Aoyama Gosho,25
Light Novel: The Promised Neverland Surat dari Norman,56250,"Kaiu Shirai, Posuka Demizu",25
Light Novel One Piece: The Adventure of Deadend The Movie,52500,Eiichiro Oda,25
Light Novel Detektif Conan Jolly Roger in The Deep Azure,52500,Aoyama Gosho,25
Light Novel Detektif Conan: Sunflowers Of Inferno,60000,Aoyama Gosho,25
Light Novel: Stand By Me Doraemon 02,75000,Fujiko F. Fujio,0
Light Novel Detektif Conan: Lost Ship in the Sky,52500,Aoyama Gosho,25
Light Novel Detektif Conan: Full Score of Fear,52500,Aoyama Gosho,25
Light Novel Detektif Conan: Masumi Sera Selection - Detective Returning from Abroad,52500,Aoyama Gosho,25
Light Novel: Alya Sometimes Hides Her Feeling in Russian 1,88200,Sunsunsun,10
Light Novel: Alya Sometimes Hides Her Feeling in Russian 2,88200,Sunsunsun,10
Light Novel My Happy Marriage 1,88200,Akumi Agitogi,10
Light Novel The Eminence in Shadow 1,103500,Daisuke Aizawa,10
"Light Novel So I'm a Spider, So What? 1",103500,Okina Baba,10
Light Novel: Overlord 1 - The Undead King,121500,Kugane Maruyama,10
Light Novel Classroom of The Elite 01,88200,Syougo Kinugasa,10
Light Novel Mushoku Tensei – Jobless Reincarnation 01,88200,Rifujin Na Magonote,10
Light Novel: The Rising of the Shield Hero 01,103500,Aneko Yusagi,10
Light Novel: Alya Sometimes Hides Her Feeling in Russian 3,97200,Sunsunsun,10
Light Novel My Happy Marriage 2,88200,Akumi Agitogi,10
Light Novel The Eminence in Shadow 2,103500,Daisuke Aizawa,10
Light Novel Goblin Slayer 1,108000,Kumo Kagyu,10
Light Novel: Aku Dimanjakan Tetanggaku yang Seperti Malaikat 1,103500,Saekisan,10
Light Novel: Apa Salahnya Mencari Cinta di Dungeon?,112500,Saekisan,10
A Novel Love Story,178200,Ashley Poston,10
Light Novel Mushoku Tensei – Jobless Reincarnation 02,103500,Rifujin Na Magonote,10
Light Novel: Lycoris Recoil ~Ordinary Days~,97200,"Asaura, Spider Lily",10
Light Novel Classroom of The Elite 02,88200,Syougo Kinugasa,10
Light Novel: Overlord 2 - The Dark Warrior,121500,Kugane Maruyama,10
Light Novel: Alya Sometimes Hides Her Feeling in Russian 4,97200,Sunsunsun,10
Light Novel My Happy Marriage 3,88200,Akumi Agitogi,10
"Light Novel So I'm a Spider, So What? 2",103500,Okina Baba,10
Light Novel: The Rising of the Shield Hero 02,103500,Aneko Yusagi,10
Light Novel The Eminence in Shadow 3,103500,Daisuke Aizawa,10
Light Novel Mushoku Tensei – Jobless Reincarnation 03,103500,Rifujin Na Magonote,10
Light Novel: Alya Sometimes Hides Her Feeling in Russian 4.5,97200,Sunsunsun,10
Light Novel: Overlord 3 - The Bloody Valkyrie,121500,Kugane Maruyama,10
"Light Novel So I'm a Spider, So What? 3",103500,Okina Baba,10
Light Novel: Gimai Seikatsu 01 - Hari-Hariku Bersama Saki,88200,Ghost Mikawa,10
Light Novel My Happy Marriage 4,88200,Akumi Agitogi,10
Light Novel Classroom of the Elite 03,88200,Syougo Kinugasa,10
Light Novel: The Summer Hikaru Died 1,76500,Mio Nukaga,10
Light Novel: Aku Dimanjakan Tetanggaku yang Seperti Malaikat 2,103500,Saekisan,10
Light Novel: Alya Sometimes Hides Her Feeling in Russian 5,88200,Sunsunsun,10
Light Novel: Apa Salahnya Mencari Cinta di Dungeon? 2,112500,Saekisan,10
Light Novel The Eminence in Shadow 4,103500,Daisuke Aizawa,10
Light Novel Goblin Slayer 2,108000,Kumo Kagyu,10
Light Novel: The Rising of the Shield Hero 03,103500,Aneko Yusagi,10
Light Novel Who Killed the Brave?,97200,Daken,10
Light Novel Classroom of the Elite 04,88200,Syougo Kinugasa,10
Hospitality: Memenangkan Bisnis Memuliakan Pelanggan,121500,Ibnu Novel Hafidz,10
Light Novel: Gimai Seikatsu 02 - Hari-Hariku Bersama Saki,88200,Ghost Mikawa,10
Light Novel: Overlord 4 - The Lizard Man Heroes,121500,Kugane Maruyama,10
Light Novel My Happy Marriage 5,88200,Akumi Agitogi,10
"Light Novel So I'm a Spider, So What? 4",103500,Okina Baba,10
Light Novel Mushoku Tensei – Jobless Reincarnation 04,103500,Rifujin Na Magonote,10
Light Novel: Alya Sometimes Hides Her Feeling in Russian 6,88200,Sunsunsun,10
Light Novel: Apa Salahnya Mencari Cinta di Dungeon? 3,108000,Saekisan,10
Light Novel : Scarlet,88200,MAMORU HOSODA,10
Light Novel Classroom of the Elite 4.5,88200,Syougo Kinugasa,10
Light Novel: Aku Dimanjakan Tetanggaku yang Seperti Malaikat 3,103500,Saekisan,10
Light Novel Goblin Slayer 3,108000,Kumo Kagyu,10
"Light Novel: The Apothecary Diaries Vol. 01 - Jishi Sama, Premium Package",127500,Hyuganatsu / Touko Shino,25
"Light Novel: The Apothecary Diaries Vol. 01 - Maomao, Special Package",81000,Hyuganatsu / Touko Shino,25
Light Novel Classroom of the Elite 05,88200,Syougo Kinugasa,10
Light Novel The Eminence in Shadow 5,103500,Daisuke Aizawa,10
Light Novel: 5 Centimeters per Second,76500,Makoto Shinkai,10
Light Novel Classroom of the Elite - 2Nd Year 01,88200,Syougo Kinugasa,10
Light Novel: Re:Zero - Starting Life in Another World - 21,88200,Tappei Nagatsuki,10
Light Novel: Gimai Seikatsu 03 - Hari-Hariku Bersama Saki,88200,Ghost Mikawa,10
Light Novel Mushoku Tensei – Jobless Reincarnation 05,103500,Rifujin Na Magonote,10
Light Novel Classroom of the Elite - 2nd Year 02,98000,Syougo Kinugasa,0
Light Novel: Overlord 5 - The Men in the Kingdom Part I,112500,Kugane Maruyama,10
Five Nights at Freddy's Interactive Novel #3: Escape The Piz,238500,SCOTT CAWTHON,10
Light Novel: Lycoris Recoil -Recovery days-,108000,"Asaura, Spider Lily",0
Light Novel: Who Killed The Brave? Chapter of Prophecy,108000,Daken,0
Light Novel: Re:Zero - Starting Life in Another World - 22,98000,Tappei Nagatsuki,0
Light Novel: The Summer Hikaru Died 2,98000,Mio Nukaga,0
Light Novel: Alya Sometimes Hides Her Feeling in Russian 7,108000,Sunsunsun,0
Light Novel My Happy Marriage 6,98000,Akumi Agitogi,0
Menikah Untuk Bahagia - Gold Edition,88200,Indra Noveldy & Nunik Hermawati,10
Dunia Anna (Sebuah Novel Filsafat Semesta),71100,Jostein Gaarder,10
Hujan Bulan Juni Sebuah Novel,43500,Sapardi Djoko Damono,25
Ayok Putus The Novel,89100,ANANDA RYU,10
Setanggi Kopi Petualang Sebuah Novel,120000,EMJI ALIF,0
Aktivitas Anak Muslim: 25 Nabi dan Rasul,51750,Sienta Sasika Novel,25
Imaginary City Graphic Novel,84000,Rain Chudori,30
"The Graphic Novel Percy Jackson & The Olympians, Book 4: The",178200,Hachette Book Group,10
Buku Aktivitas PAUD Belajar Angka dan Huruf Ed Revisi,63000,Sienta Sasika Novel,25
Buku Aktivitas PAUD Seri Belajar Berhitung Penjumlahan Ed Revisi,63000,Sienta Sasika Novel,25
Buku Aktivitas PAUD Seri Belajar Berhitung Pengurangan Ed Revisi,63000,Sienta Sasika Novel,25
Virgin River Novel #1: Virgin River,135000,Robyn Carr,10
23:59 : Sebuah Novel,80100,Brian Khrisna,10
Metamorfosis : Sebuah Novel,28350,Franz Kafka,10
Dunia Sophie Novel Grafis Filsafat: Dari Socrates hingga Galileo,112500,Jostein Gaarder,10
Aktivitas Pintar Untuk Mengasah Kemampuan Otak Kiri,61880,Sienta Sasika Novel,25
Aktivitas Pintar untuk Mengasah Kemampuan Otak Kanan,56250,Sienta Sasika Novel,25
365 aktivitas jenius TK,75000,Sienta Sasika Novel,0
365 aktivitas jenius PAUD,56250,Sienta Sasika Novel,25
English Activity Book 6-8 Years Old,86400,Sienta Sasika Novel,10
STEM Activities Book Science,81750,Sienta Sasika Novel,25
STEM Activities Book Math,81750,Sienta Sasika Novel,25
STEM Activities Book Technology & Engineering,109000,Sienta Sasika Novel,0
Inside Out 2 - Junior Novel,51750,Disney,25
Sapaan Sang Giri : Sebuah Novel,112500,Isna Marifa,10
Bek: Sebuah Novel,88200,Mahfud Ikhwan,10
"Dunia Sophie, Novel Grafis Filsafat (Buku II)",121500,Jostein Gaarder,10
Aku Siap Masuk SD Pandai Menulis,74250,Sienta Sasika Novel,25
Aku Siap Masuk SD Pandai Membaca,74250,Sienta Sasika Novel,25
Aku Siap Masuk SD Pandai Berhitung,74250,Sienta Sasika Novel,25
"Gemuruh, Sebuah Novel",84150,HILMI FAIQ,15
Haikyu!! The Novel 1,66750,"Haruichi Furudate, Kiyoko Hoshi",25
James : A Novel,257400,Percival Everett,10
The Rainbow : A Novel,280800,Yasunari Kawabata,10
Tom Lake: A Novel,312300,Ann Patchett,10
Haikyu!! The Novel 2,66750,"Haruichi Furudate, Kiyoko Hoshi",25
Haikyu!! The Novel 3,66750,"Haruichi Furudate, Kiyoko Hoshi",25
English Activity Book 9 -12 Years Old,86400,Sienta Sasika Novel,10
Rumah: Sebuah Novel,109000,J.S. Khairen,0
Haikyu!! The Novel 4,66750,"Haruichi Furudate, Kiyoko Hoshi",25
Sherlock Holmes: The Complete Novels And Stories Volume II,243000,Random House USA,10
Sherlock Holmes : The Complete Novels & Stories Volume I,243000,Random House USA,10
Malice - Catatan Pembunuhan Sang Novelis,74400,Keigo Higashino,20
Marti & Sandra-Novela seno Gumira Ajidarma,55250,Seno Gumira Ajidarma,15
Five Nights At Freddy`S Graphic Novel #1: The Silver Eyes,203400,Scholastic,10
Five Nights At Freddys Graphic Novel #2: The Twisted Ones,203400,Scholastic,10
Save the Cat! Writes a Novel,107100,Jessica brody,10
Wordsworth Classic : Nineteen Eighty-Four: A Novel,100000,George Orwell,0
Disney Pixar Elemental: The Junior Novel,68400,Igloo Books,10
Hook Your Readers: Langkah Pertama Menulis Novel,94500,Arai Hisayuki,10
Seni Perang Sun Tzu: Sebuah Novel Grafis,108000,Pete Katz,0
Isu Keliyanan dan Resistensi dalam Ruang Kolonial: Menelisik Tiga Novel Jepang,81000,Wawat Rahwati,10
Nyanyian Bisu dalam Orkestra Bayang-Bayang Refleksi 60 Tahun G30S : Sebuah Novel Sejarah,228650,Yusron Ihza,15
